Pin Number,Pin ID,Custom Name,Function,Mode, Direction,Latch,Pull Up,Pull Down,Drive Strength
1,PA00,,Available,,,,,,NORMAL
2,PA01,,Available,,,,,,NORMAL
3,PA02,DAC_Out,DAC_VOUT,Analog,High Impedance,n/a,,,NORMAL
4,PA03,VREFA,ADC0_AIN1/VREFA,Analog,High Impedance,n/a,,,NORMAL
5,PA04,I2C_SDA,SERCOM0_PAD0,Digital,High Impedance,n/a,No,No,NORMAL
6,PA05,I2C_SCL,SERCOM0_PAD1,Digital,High Impedance,n/a,No,No,NORMAL
7,PA06,AIN0_RXCoil,ADC0_AIN6,Analog,High Impedance,n/a,,,NORMAL
8,PA07,,Available,,,,,,NORMAL
11,PA08,AIN1_12VState,ADC1_AIN10,Analog,High Impedance,n/a,,,NORMAL
12,PA09,,Available,,,,,,NORMAL
13,PA10,ALIVE,GPIO,Digital,Out,Low,,,NORMAL
14,PA11,SCOPE,GPIO,Digital,Out,Low,,,NORMAL
15,PA14,ProgramModify,EIC_EXTINT14,Digital,High Impedance,n/a,Yes,No,NORMAL
16,PA15,Calibrate,EIC_EXTINT15,Digital,High Impedance,n/a,Yes,No,NORMAL
17,PA16,,Available,,,,,,NORMAL
18,PA17,,Available,,,,,,NORMAL
19,PA18,,Available,,,,,,NORMAL
20,PA19,,Available,,,,,,NORMAL
21,PA22,,Available,,,,,,NORMAL
22,PA23,,Available,,,,,,NORMAL
23,PA24,,Available,,,,,,NORMAL
24,PA25,ProgramSystem,EIC_EXTINT13,Digital,High Impedance,n/a,Yes,No,NORMAL
25,PA27,,Available,,,,,,NORMAL
27,PA28,,Available,,,,,,NORMAL
31,PA30,,Available,,,,,,NORMAL
32,PA31,,Available,,,,,,NORMAL
