<?xml version="1.0" encoding="UTF-8"?>
<project-private xmlns="http://www.netbeans.org/ns/project-private/1">
    <editor-bookmarks xmlns="http://www.netbeans.org/ns/editor-bookmarks/2" lastBookmarkId="0"/>
    <open-files xmlns="http://www.netbeans.org/ns/projectui-open-files/2">
        <group>
            <file>file:/M:/Engineering/Metal%20Detector/PIC32Code_02/PIC32CM1216MC00032_20.X/main.c</file>
            <file>file:/M:/Engineering/Metal%20Detector/PIC32Code_02/src/main.c</file>
            <file>file:/M:/Engineering/Metal%20Detector/PIC32Code_02/src/config/default/peripheral/sercom/i2c_master/plib_sercom0_i2c_master.c</file>
        </group>
    </open-files>
</project-private>
